Dia,Franquia,vendas,filiacao,refiliacao
2026-01-01,ALVORADA,1,1,0
2026-01-02,ALVORADA,6,3,3
2026-01-02,BOA VISTA,17,13,4
2026-01-02,TUBARAO,1,0,1
2026-01-03,ALVORADA,3,2,1
2026-01-03,BOA VISTA,7,7,0
2026-01-03,TUBARAO,1,1,0
2026-01-04,ALVORADA,3,3,0
2026-01-04,TUBARAO,1,1,0
2026-01-05,ALVORADA,14,11,3
2026-01-05,BOA VISTA,48,26,22
2026-01-05,TUBARAO,19,12,7
2026-01-06,ALVORADA,11,2,9
2026-01-06,BOA VISTA,48,37,11
2026-01-06,TUBARAO,13,9,4
2026-01-07,ALVORADA,12,9,3
2026-01-07,BOA VISTA,60,42,18
2026-01-07,TUBARAO,10,7,3
2026-01-08,ALVORADA,17,9,8
2026-01-08,BOA VISTA,53,39,14
2026-01-08,TUBARAO,18,13,5
2026-01-09,ALVORADA,6,4,2
2026-01-09,BOA VISTA,32,26,6
2026-01-09,TUBARAO,12,9,3
2026-01-10,ALVORADA,5,4,1
2026-01-10,BOA VISTA,12,6,6
2026-01-10,TUBARAO,3,2,1
2026-01-11,ALVORADA,2,2,0
2026-01-12,ALVORADA,11,6,5
2026-01-12,BOA VISTA,40,31,9
2026-01-12,TUBARAO,13,10,3
2026-01-13,ALVORADA,8,7,1
2026-01-13,BOA VISTA,41,30,11
2026-01-13,TUBARAO,13,11,2
2026-01-14,ALVORADA,18,12,6
2026-01-14,BOA VISTA,37,29,8
2026-01-14,TUBARAO,14,8,6
2026-01-15,ALVORADA,18,14,4
2026-01-15,BOA VISTA,36,25,11
2026-01-15,TUBARAO,6,5,1
2026-01-16,ALVORADA,13,10,3
2026-01-16,BOA VISTA,29,23,6
2026-01-16,TUBARAO,58,38,20
2026-01-17,ALVORADA,3,2,1
2026-01-17,BOA VISTA,5,3,2
2026-01-17,TUBARAO,2,2,0
2026-01-18,ALVORADA,1,1,0
2026-01-18,BOA VISTA,2,2,0
2026-01-19,ALVORADA,13,6,7
2026-01-19,BOA VISTA,38,27,11
2026-01-19,TUBARAO,9,6,3
2026-01-20,ALVORADA,12,8,4
2026-01-20,BOA VISTA,15,9,6
2026-01-20,TUBARAO,7,6,1
2026-01-21,ALVORADA,12,11,1
2026-01-21,BOA VISTA,38,28,10
2026-01-21,TUBARAO,12,9,3
2026-01-22,ALVORADA,7,5,2
2026-01-22,BOA VISTA,28,21,7
2026-01-22,TUBARAO,11,7,4
2026-01-23,ALVORADA,12,8,4
2026-01-23,BOA VISTA,39,26,13
2026-01-23,TUBARAO,55,40,15
2026-01-24,ALVORADA,4,3,1
2026-01-24,BOA VISTA,8,6,2
2026-01-24,TUBARAO,1,1,0
2026-01-25,BOA VISTA,2,2,0
2026-01-26,ALVORADA,15,12,3
2026-01-26,BOA VISTA,31,25,6
2026-01-26,TUBARAO,9,7,2
2026-01-27,ALVORADA,6,4,2
2026-01-27,BOA VISTA,29,23,6
2026-01-27,TUBARAO,10,9,1
2026-01-28,ALVORADA,45,34,11
2026-01-28,BOA VISTA,25,20,5
2026-01-28,TUBARAO,8,4,4
2026-01-29,ALVORADA,22,19,3
2026-01-29,BOA VISTA,24,19,5
2026-01-29,TUBARAO,33,23,10
2026-01-30,ALVORADA,23,18,5
2026-01-30,BOA VISTA,27,16,11
2026-01-30,TUBARAO,8,5,3
2026-01-31,ALVORADA,12,9,3
2026-01-31,BOA VISTA,7,3,4
2026-01-31,TUBARAO,3,3,0
2026-02-01,ALVORADA,1,0,1
2026-02-01,BOA VISTA,1,1,0
2026-02-02,ALVORADA,9,8,1
2026-02-02,BOA VISTA,48,30,18
2026-02-02,TUBARAO,10,7,3
2026-02-03,ALVORADA,11,6,5
2026-02-03,BOA VISTA,24,15,9
2026-02-03,TUBARAO,9,8,1
2026-02-04,ALVORADA,8,2,6
2026-02-04,BOA VISTA,43,22,21
2026-02-04,TUBARAO,12,9,3
2026-02-05,ALVORADA,12,8,4
2026-02-05,BOA VISTA,30,23,7
2026-02-05,TUBARAO,9,6,3
2026-02-06,ALVORADA,14,12,2
2026-02-06,BOA VISTA,40,22,18
2026-02-06,TUBARAO,15,12,3
2026-02-07,ALVORADA,7,5,2
2026-02-07,BOA VISTA,14,9,5
2026-02-07,TUBARAO,3,3,0
2026-02-08,BOA VISTA,1,1,0
2026-02-08,TUBARAO,1,1,0
2026-02-09,ALVORADA,18,12,6
2026-02-09,BOA VISTA,53,38,15
2026-02-09,TUBARAO,19,16,3
2026-02-10,ALVORADA,10,7,3
2026-02-10,BOA VISTA,40,31,9
2026-02-10,TUBARAO,15,12,3
2026-02-11,ALVORADA,10,7,3
2026-02-11,BOA VISTA,41,26,15
2026-02-11,TUBARAO,16,11,5
2026-02-12,ALVORADA,12,11,1
2026-02-12,BOA VISTA,21,16,5
2026-02-12,TUBARAO,15,10,5
2026-02-13,ALVORADA,9,4,5
2026-02-13,BOA VISTA,30,20,10
2026-02-13,TUBARAO,4,3,1
2026-02-14,ALVORADA,3,1,2
2026-02-14,BOA VISTA,4,3,1
2026-02-15,TUBARAO,1,1,0
2026-02-16,ALVORADA,2,1,1
2026-02-16,BOA VISTA,22,17,5
2026-02-16,TUBARAO,1,1,0
2026-02-17,ALVORADA,2,2,0
2026-02-17,BOA VISTA,4,3,1
2026-02-18,ALVORADA,9,8,1
2026-02-18,BOA VISTA,13,8,5
2026-02-18,TUBARAO,9,8,1
2026-02-19,ALVORADA,13,10,3
2026-02-19,BOA VISTA,38,26,12
2026-02-19,TUBARAO,14,10,4
2026-02-20,ALVORADA,8,6,2
2026-02-20,BOA VISTA,35,25,10
2026-02-20,TUBARAO,42,21,21
2026-02-21,ALVORADA,4,3,1
2026-02-21,BOA VISTA,15,10,5
2026-02-21,TUBARAO,4,2,2
2026-02-22,BOA VISTA,3,3,0
2026-02-22,TUBARAO,2,2,0
2026-02-23,ALVORADA,19,16,3
2026-02-23,BOA VISTA,40,31,9
2026-02-23,TUBARAO,10,7,3
2026-02-24,ALVORADA,9,6,3
2026-02-24,BOA VISTA,30,22,8
2026-02-24,TUBARAO,12,10,2
2026-02-25,ALVORADA,8,4,4
2026-02-25,BOA VISTA,35,19,16
2026-02-25,TUBARAO,12,10,2
2026-02-26,ALVORADA,10,7,3
2026-02-26,BOA VISTA,35,29,6
2026-02-26,TUBARAO,16,14,2
2026-02-27,ALVORADA,43,34,9
2026-02-27,BOA VISTA,30,22,8
2026-02-27,TUBARAO,8,7,1
2026-02-28,ALVORADA,17,10,7
2026-02-28,BOA VISTA,15,10,5
2026-02-28,TUBARAO,7,7,0
2026-03-01,ALVORADA,1,1,0
2026-03-01,BOA VISTA,2,1,1
2026-03-02,ALVORADA,15,8,7
2026-03-02,BOA VISTA,31,21,10
2026-03-02,TUBARAO,11,9,2
2026-03-03,ALVORADA,8,5,3
2026-03-03,BOA VISTA,41,30,11
2026-03-03,TUBARAO,7,7,0
2026-03-04,ALVORADA,12,10,2
2026-03-04,BOA VISTA,40,25,15
2026-03-04,TUBARAO,9,5,4
2026-03-05,ALVORADA,9,6,3
2026-03-05,BOA VISTA,37,22,15
2026-03-05,TUBARAO,10,9,1
2026-03-06,ALVORADA,22,17,5
2026-03-06,BOA VISTA,31,19,12
2026-03-06,TUBARAO,12,7,5
2026-03-07,ALVORADA,3,2,1
2026-03-07,BOA VISTA,17,12,5
2026-03-07,TUBARAO,3,1,2
2026-03-08,ALVORADA,3,3,0
2026-03-08,TUBARAO,1,1,0
2026-03-09,ALVORADA,10,7,3
2026-03-09,BOA VISTA,35,27,8
2026-03-09,TUBARAO,12,8,4
2026-03-10,ALVORADA,9,5,4
2026-03-10,BOA VISTA,93,76,17
2026-03-10,TUBARAO,10,6,4
2026-03-11,ALVORADA,9,7,2
2026-03-11,BOA VISTA,97,70,27
2026-03-11,TUBARAO,12,8,4
2026-03-12,ALVORADA,9,5,4
2026-03-12,BOA VISTA,68,56,12
2026-03-12,TUBARAO,7,5,2
2026-03-13,ALVORADA,9,6,3
2026-03-13,BOA VISTA,37,27,10
2026-03-13,TUBARAO,6,6,0
2026-03-14,ALVORADA,6,4,2
2026-03-14,BOA VISTA,6,2,4
2026-03-14,TUBARAO,2,2,0
2026-03-15,ALVORADA,1,0,1
2026-03-15,BOA VISTA,1,1,0
2026-03-16,ALVORADA,11,6,5
2026-03-16,BOA VISTA,32,24,8
2026-03-16,TUBARAO,32,25,7
2026-03-17,ALVORADA,11,9,2
2026-03-17,BOA VISTA,38,24,14
2026-03-17,TUBARAO,12,10,2
2026-03-18,ALVORADA,11,6,5
2026-03-18,BOA VISTA,34,25,9
2026-03-18,TUBARAO,11,10,1
2026-03-19,ALVORADA,8,5,3
2026-03-19,BOA VISTA,22,17,5
2026-03-19,TUBARAO,11,8,3
2026-03-20,ALVORADA,6,4,2
2026-03-20,BOA VISTA,28,17,11
2026-03-20,TUBARAO,7,6,1
2026-03-21,ALVORADA,1,1,0
2026-03-21,BOA VISTA,7,7,0
2026-03-21,TUBARAO,1,0,1
2026-03-22,ALVORADA,1,1,0
2026-03-22,BOA VISTA,1,1,0
2026-03-23,ALVORADA,9,5,4
2026-03-23,BOA VISTA,32,19,13
2026-03-23,TUBARAO,10,8,2
2026-03-24,ALVORADA,1,1,0
2026-03-24,BOA VISTA,29,15,14
2026-03-24,TUBARAO,8,7,1
2026-03-25,ALVORADA,9,6,3
2026-03-25,BOA VISTA,29,14,15
2026-03-25,TUBARAO,12,10,2
2026-03-26,ALVORADA,9,4,5
2026-03-26,BOA VISTA,24,13,11
2026-03-26,TUBARAO,8,8,0
2026-03-27,ALVORADA,6,4,2
2026-03-27,BOA VISTA,24,16,8
2026-03-27,TUBARAO,29,26,3
2026-03-28,ALVORADA,7,6,1
2026-03-28,BOA VISTA,11,8,3
2026-03-28,TUBARAO,1,1,0
2026-03-29,BOA VISTA,1,1,0
2026-03-30,ALVORADA,10,4,6
2026-03-30,BOA VISTA,34,24,10
2026-03-30,TUBARAO,13,12,1
2026-03-31,ALVORADA,11,7,4
2026-03-31,BOA VISTA,30,18,12
2026-03-31,TUBARAO,7,6,1
2026-04-01,ALVORADA,13,9,4
2026-04-01,BOA VISTA,29,23,6
2026-04-01,TUBARAO,5,3,2
2026-04-02,ALVORADA,6,5,1
2026-04-02,BOA VISTA,31,15,16
2026-04-02,TUBARAO,5,5,0
2026-04-03,BOA VISTA,4,3,1
2026-04-04,ALVORADA,2,2,0
2026-04-04,BOA VISTA,9,6,3
2026-04-05,TUBARAO,1,1,0
2026-04-06,ALVORADA,17,9,8
2026-04-06,BOA VISTA,35,26,9
2026-04-06,TUBARAO,7,7,0
2026-04-07,ALVORADA,5,4,1
2026-04-07,BOA VISTA,35,27,8
2026-04-07,TUBARAO,13,10,3
2026-04-08,ALVORADA,16,9,7
2026-04-08,BOA VISTA,37,24,13
2026-04-08,TUBARAO,9,7,2
2026-04-09,ALVORADA,13,11,2
2026-04-09,BOA VISTA,45,33,12
2026-04-09,TUBARAO,11,11,0
2026-04-10,ALVORADA,8,6,2
2026-04-10,BOA VISTA,38,27,11
2026-04-10,TUBARAO,37,33,4
2026-04-11,ALVORADA,4,4,0
2026-04-11,BOA VISTA,8,8,0
2026-04-11,TUBARAO,4,4,0
2026-04-12,BOA VISTA,1,0,1
2026-04-13,ALVORADA,16,13,3
2026-04-13,BOA VISTA,39,20,19
2026-04-13,TUBARAO,11,9,2
2026-04-14,ALVORADA,11,11,0
2026-04-14,BOA VISTA,62,45,17
2026-04-14,TUBARAO,10,9,1
2026-04-15,ALVORADA,17,12,5
2026-04-15,BOA VISTA,29,16,13
2026-04-15,TUBARAO,11,7,4
2026-04-16,ALVORADA,9,4,5
2026-04-16,BOA VISTA,39,24,15
2026-04-16,TUBARAO,8,8,0
2026-04-17,ALVORADA,8,7,1
2026-04-17,BOA VISTA,35,20,15
2026-04-17,TUBARAO,8,6,2
2026-04-18,ALVORADA,3,2,1
2026-04-18,BOA VISTA,10,7,3
2026-04-18,TUBARAO,2,2,0
2026-04-19,BOA VISTA,1,0,1
2026-04-19,TUBARAO,1,1,0
2026-04-20,ALVORADA,1,0,1
2026-04-20,BOA VISTA,18,12,6
2026-04-20,TUBARAO,5,4,1
2026-04-21,BOA VISTA,7,5,2
2026-04-22,ALVORADA,142,102,40
2026-04-22,BOA VISTA,275,167,108
2026-04-22,TUBARAO,108,98,10
2026-04-23,ALVORADA,11,2,9
2026-04-23,BOA VISTA,51,35,16
2026-04-23,TUBARAO,12,8,4
2026-04-24,ALVORADA,15,9,6
2026-04-24,BOA VISTA,40,23,17
2026-04-24,TUBARAO,9,7,2
2026-04-25,ALVORADA,9,3,6
2026-04-25,BOA VISTA,17,9,8
2026-04-25,TUBARAO,3,3,0
2026-04-27,ALVORADA,32,13,19
2026-04-27,BOA VISTA,44,28,16
2026-04-27,TUBARAO,15,9,6
2026-04-28,ALVORADA,23,8,15
2026-04-28,BOA VISTA,52,40,12
2026-04-28,TUBARAO,19,11,8
2026-04-29,ALVORADA,19,11,8
2026-04-29,BOA VISTA,56,33,23
2026-04-29,TUBARAO,16,11,5
2026-04-30,ALVORADA,24,13,11
2026-04-30,BOA VISTA,59,34,25
2026-04-30,TUBARAO,15,9,6
2026-05-01,BOA VISTA,4,4,0
2026-05-02,BOA VISTA,5,3,2
2026-05-02,TUBARAO,1,1,0
2026-05-03,ALVORADA,2,2,0
2026-05-04,ALVORADA,5,1,4
2026-05-04,BOA VISTA,41,25,16
2026-05-04,TUBARAO,4,4,0
2026-05-05,ALVORADA,16,8,8
2026-05-05,BOA VISTA,37,19,18
2026-05-05,TUBARAO,6,3,3
2026-05-06,ALVORADA,19,12,7
2026-05-06,BOA VISTA,43,26,17
2026-05-06,TUBARAO,4,4,0
2026-05-07,ALVORADA,23,16,7
2026-05-07,BOA VISTA,40,24,16
2026-05-07,TUBARAO,9,6,3
2026-05-08,ALVORADA,11,7,4
2026-05-08,BOA VISTA,24,13,11
2026-05-08,TUBARAO,5,4,1
2026-05-09,ALVORADA,4,3,1
2026-05-09,BOA VISTA,8,4,4
2026-05-09,TUBARAO,3,3,0
2026-05-10,BOA VISTA,1,1,0
2026-05-11,ALVORADA,15,9,6
2026-05-11,BOA VISTA,31,19,12
2026-05-11,TUBARAO,10,9,1
2026-05-12,ALVORADA,10,7,3
2026-05-12,BOA VISTA,34,25,9
2026-05-12,TUBARAO,7,6,1
2026-05-13,ALVORADA,7,2,5
2026-05-13,BOA VISTA,56,39,17
2026-05-13,TUBARAO,15,12,3
2026-05-14,ALVORADA,10,6,4
2026-05-14,BOA VISTA,21,13,8
2026-05-14,TUBARAO,8,8,0
2026-05-15,ALVORADA,11,10,1
2026-05-15,BOA VISTA,23,15,8
2026-05-15,TUBARAO,9,6,3
2026-05-16,ALVORADA,2,0,2
2026-05-16,BOA VISTA,10,5,5
2026-05-16,TUBARAO,1,1,0
2026-05-17,BOA VISTA,1,0,1
2026-05-18,ALVORADA,10,5,5
2026-05-18,BOA VISTA,47,25,22
2026-05-18,TUBARAO,15,15,0
2026-05-19,ALVORADA,20,15,5
2026-05-19,BOA VISTA,39,25,14
2026-05-19,TUBARAO,10,8,2
2026-05-20,ALVORADA,16,14,2
2026-05-20,BOA VISTA,35,22,13
2026-05-20,TUBARAO,19,15,4
2026-05-21,ALVORADA,13,8,5
2026-05-21,BOA VISTA,23,16,7
2026-05-21,TUBARAO,11,8,3
2026-05-22,ALVORADA,11,6,5
2026-05-22,BOA VISTA,19,11,8
2026-05-22,TUBARAO,25,25,0
2026-05-23,ALVORADA,1,1,0
2026-05-23,BOA VISTA,9,7,2
2026-05-23,TUBARAO,6,6,0
2026-05-24,ALVORADA,1,1,0
2026-05-24,BOA VISTA,1,1,0
2026-05-24,TUBARAO,1,1,0
2026-05-25,ALVORADA,14,7,7
2026-05-25,BOA VISTA,39,20,19
2026-05-25,TUBARAO,12,12,0
2026-05-26,ALVORADA,15,8,7
2026-05-26,BOA VISTA,42,32,10
2026-05-26,TUBARAO,8,6,2
2026-05-27,ALVORADA,21,11,10
2026-05-27,BOA VISTA,36,23,13
2026-05-27,TUBARAO,5,5,0
2026-05-28,ALVORADA,10,5,5
2026-05-28,BOA VISTA,23,13,10
2026-05-28,TUBARAO,11,11,0
2026-05-29,ALVORADA,15,12,3
2026-05-29,BOA VISTA,20,13,7
2026-05-29,TUBARAO,6,4,2
2026-05-30,ALVORADA,8,4,4
2026-05-30,BOA VISTA,7,5,2
2026-05-30,TUBARAO,5,5,0
2026-05-31,ALVORADA,1,1,0
2026-05-31,BOA VISTA,2,1,1
2026-06-01,ALVORADA,18,12,6
2026-06-01,BOA VISTA,35,21,14
2026-06-01,TUBARAO,10,10,0
2026-06-02,ALVORADA,12,8,4
2026-06-02,BOA VISTA,31,17,14
2026-06-02,TUBARAO,6,4,2
2026-06-03,ALVORADA,12,10,2
2026-06-03,BOA VISTA,35,26,9
2026-06-03,TUBARAO,4,3,1
2026-06-04,ALVORADA,3,2,1
2026-06-04,BOA VISTA,2,0,2
2026-06-05,ALVORADA,13,7,6
2026-06-05,BOA VISTA,31,18,13
2026-06-05,TUBARAO,13,9,4
2026-06-06,BOA VISTA,10,2,8
2026-06-06,TUBARAO,1,0,1
2026-06-07,ALVORADA,1,1,0
2026-06-08,ALVORADA,18,12,6
2026-06-08,BOA VISTA,36,25,11
2026-06-08,TUBARAO,7,5,2
2026-06-09,ALVORADA,12,8,4
2026-06-09,BOA VISTA,29,18,11
2026-06-09,TUBARAO,19,16,3
2026-06-10,ALVORADA,12,8,4
2026-06-10,BOA VISTA,25,15,10
2026-06-10,TUBARAO,11,7,4
2026-06-11,ALVORADA,14,7,7
2026-06-11,BOA VISTA,24,12,12
2026-06-11,TUBARAO,9,8,1
2026-06-12,ALVORADA,9,4,5
2026-06-12,BOA VISTA,16,12,4
2026-06-12,TUBARAO,7,4,3
2026-06-13,ALVORADA,5,2,3
2026-06-13,BOA VISTA,4,2,2
2026-06-13,TUBARAO,1,0,1
2026-06-14,ALVORADA,2,2,0
2026-06-14,BOA VISTA,1,1,0
2026-06-14,TUBARAO,1,1,0
2026-06-15,ALVORADA,34,22,12
2026-06-15,BOA VISTA,38,17,21
2026-06-15,TUBARAO,22,20,2
2026-06-16,ALVORADA,30,19,11
2026-06-16,BOA VISTA,55,35,20
2026-06-16,TUBARAO,23,15,8
2026-06-17,ALVORADA,11,8,3
2026-06-17,BOA VISTA,32,16,16
2026-06-17,TUBARAO,11,10,1
2026-06-18,ALVORADA,15,12,3
2026-06-18,BOA VISTA,38,16,22
2026-06-18,TUBARAO,16,12,4
2026-06-19,ALVORADA,12,8,4
2026-06-19,BOA VISTA,28,16,12
2026-06-19,TUBARAO,10,10,0
2026-06-20,ALVORADA,3,2,1
2026-06-20,BOA VISTA,9,4,5
2026-06-20,TUBARAO,9,7,2
2026-06-21,ALVORADA,1,1,0
2026-06-22,ALVORADA,6,4,2
2026-06-22,BOA VISTA,33,24,9
2026-06-22,TUBARAO,9,7,2
2026-06-23,ALVORADA,12,3,9
2026-06-23,BOA VISTA,33,24,9
2026-06-23,TUBARAO,5,5,0
2026-06-24,ALVORADA,9,6,3
2026-06-24,BOA VISTA,30,19,11
2026-06-24,TUBARAO,4,4,0
2026-06-25,ALVORADA,6,5,1
2026-06-25,BOA VISTA,27,13,14
2026-06-25,TUBARAO,10,10,0
2026-06-26,ALVORADA,9,4,5
2026-06-26,BOA VISTA,23,17,6
2026-06-26,TUBARAO,3,3,0
2026-06-27,ALVORADA,2,2,0
2026-06-27,BOA VISTA,11,7,4
2026-06-27,TUBARAO,4,4,0
2026-06-28,BOA VISTA,1,1,0
2026-06-28,TUBARAO,2,2,0
2026-06-29,ALVORADA,10,5,5
2026-06-29,BOA VISTA,3,3,0
2026-06-29,TUBARAO,10,9,1
2026-06-30,ALVORADA,19,11,8
2026-06-30,BOA VISTA,25,16,9
2026-06-30,TUBARAO,8,6,2
2026-07-01,ALVORADA,18,12,6
2026-07-01,BOA VISTA,32,22,10
2026-07-01,TUBARAO,19,13,6
2026-07-02,ALVORADA,13,6,7
2026-07-02,BOA VISTA,34,18,16
2026-07-02,TUBARAO,10,7,3
2026-07-03,ALVORADA,16,7,9
2026-07-03,BOA VISTA,26,20,6
2026-07-03,TUBARAO,6,5,1
2026-07-04,ALVORADA,9,6,3
2026-07-04,BOA VISTA,9,7,2
2026-07-04,TUBARAO,4,4,0
2026-07-05,ALVORADA,1,0,1
2026-07-06,ALVORADA,10,7,3
2026-07-06,BOA VISTA,40,28,12
2026-07-06,TUBARAO,13,10,3
2026-07-07,ALVORADA,21,8,13
2026-07-07,BOA VISTA,35,23,12
2026-07-07,TUBARAO,13,7,6
2026-07-08,ALVORADA,17,12,5
2026-07-08,BOA VISTA,45,26,19
2026-07-08,TUBARAO,14,11,3
2026-07-09,ALVORADA,11,8,3
2026-07-09,BOA VISTA,6,2,4
2026-07-09,TUBARAO,9,8,1
2026-07-10,ALVORADA,14,7,7
2026-07-10,BOA VISTA,43,28,15
2026-07-10,TUBARAO,7,7,0
2026-07-11,ALVORADA,5,3,2
2026-07-11,BOA VISTA,15,9,6
2026-07-11,TUBARAO,3,3,0
2026-07-12,BOA VISTA,2,1,1
2026-07-13,ALVORADA,16,7,9
2026-07-13,BOA VISTA,26,17,9
2026-07-13,TUBARAO,13,11,2
2026-07-14,ALVORADA,16,7,9
2026-07-14,BOA VISTA,36,23,13
2026-07-14,TUBARAO,7,6,1
2026-07-15,ALVORADA,19,11,8
2026-07-15,BOA VISTA,45,23,22
2026-07-15,TUBARAO,13,10,3
2026-07-16,ALVORADA,23,14,9
2026-07-16,BOA VISTA,38,26,12
2026-07-16,TUBARAO,8,6,2
2026-07-17,ALVORADA,18,13,5
2026-07-17,BOA VISTA,26,8,18
2026-07-17,TUBARAO,4,4,0
2026-07-18,ALVORADA,2,1,1
2026-07-18,BOA VISTA,9,3,6
2026-07-18,TUBARAO,3,2,1
2026-07-19,ALVORADA,1,1,0
2026-07-19,TUBARAO,1,1,0
2026-07-20,ALVORADA,27,22,5
2026-07-20,BOA VISTA,60,44,16
2026-07-20,TUBARAO,17,15,2
2026-07-21,ALVORADA,19,11,8
2026-07-21,BOA VISTA,33,19,14
2026-07-21,TUBARAO,18,13,5
2026-07-22,ALVORADA,31,19,12
2026-07-22,BOA VISTA,50,37,13
2026-07-22,TUBARAO,11,9,2
2026-07-23,ALVORADA,17,10,7
2026-07-23,BOA VISTA,28,12,16
2026-07-23,TUBARAO,9,7,2
2026-07-24,ALVORADA,15,12,3
2026-07-24,BOA VISTA,29,21,8
2026-07-24,TUBARAO,7,7,0
2026-07-25,ALVORADA,7,5,2
2026-07-25,BOA VISTA,19,13,6
2026-07-25,TUBARAO,1,1,0
2026-07-26,BOA VISTA,3,2,1
2026-07-26,TUBARAO,1,0,1
2026-07-27,ALVORADA,17,9,8
2026-07-27,BOA VISTA,33,16,17
2026-07-27,TUBARAO,13,11,2
2026-07-28,ALVORADA,15,11,4
2026-07-28,BOA VISTA,35,24,11
2026-07-28,TUBARAO,11,11,0
2026-07-29,ALVORADA,16,10,6
2026-07-29,BOA VISTA,43,33,10
2026-07-29,TUBARAO,8,7,1
2026-07-30,ALVORADA,15,6,9
2026-07-30,BOA VISTA,45,28,17
2026-07-30,TUBARAO,13,10,3
2026-07-31,ALVORADA,23,11,12
2026-07-31,BOA VISTA,50,38,12
2026-07-31,TUBARAO,12,10,2
2026-08-01,ALVORADA,5,2,3
2026-08-01,BOA VISTA,4,1,3
2026-08-01,TUBARAO,4,3,1
2026-08-02,ALVORADA,2,2,0
2026-08-03,ALVORADA,14,8,6
2026-08-03,BOA VISTA,30,18,12
2026-08-03,TUBARAO,9,9,0
2026-08-04,ALVORADA,12,6,6
2026-08-04,BOA VISTA,27,16,11
2026-08-04,TUBARAO,10,8,2
2026-08-05,ALVORADA,18,13,5
2026-08-05,BOA VISTA,54,24,30
2026-08-05,TUBARAO,15,12,3
2026-08-06,ALVORADA,19,4,15
2026-08-06,BOA VISTA,47,23,24
2026-08-06,TUBARAO,11,8,3
2026-08-07,ALVORADA,13,7,6
2026-08-07,BOA VISTA,38,18,20
2026-08-07,TUBARAO,13,9,4
2026-08-08,ALVORADA,10,4,6
2026-08-08,BOA VISTA,16,5,11
2026-08-08,TUBARAO,7,3,4
2026-08-09,ALVORADA,1,1,0
2026-08-09,BOA VISTA,3,1,2
2026-08-10,ALVORADA,25,16,9
2026-08-10,BOA VISTA,48,26,22
2026-08-10,TUBARAO,17,11,6
2026-08-11,ALVORADA,24,19,5
2026-08-11,BOA VISTA,83,52,31
2026-08-11,TUBARAO,10,9,1
2026-08-12,ALVORADA,18,9,9
2026-08-12,BOA VISTA,54,32,22
2026-08-12,TUBARAO,17,13,4
2026-08-13,ALVORADA,16,6,10
2026-08-13,BOA VISTA,66,41,25
2026-08-13,TUBARAO,16,15,1
2026-08-14,ALVORADA,15,9,6
2026-08-14,BOA VISTA,37,23,14
2026-08-14,TUBARAO,9,9,0
2026-08-15,ALVORADA,10,6,4
2026-08-15,BOA VISTA,14,10,4
2026-08-15,TUBARAO,2,2,0
2026-08-16,BOA VISTA,1,0,1
2026-08-17,ALVORADA,30,19,11
2026-08-17,BOA VISTA,38,25,13
2026-08-17,TUBARAO,17,14,3
2026-08-18,ALVORADA,27,18,9
2026-08-18,BOA VISTA,76,41,35
2026-08-18,TUBARAO,10,10,0
2026-08-19,ALVORADA,24,16,8
2026-08-19,BOA VISTA,74,47,27
2026-08-19,TUBARAO,21,12,9
2026-08-20,ALVORADA,27,17,10
2026-08-20,BOA VISTA,48,25,23
2026-08-20,TUBARAO,13,6,7
2026-08-21,ALVORADA,20,11,9
2026-08-21,BOA VISTA,30,17,13
2026-08-21,TUBARAO,17,10,7
2026-08-22,ALVORADA,8,5,3
2026-08-22,BOA VISTA,14,11,3
2026-08-22,TUBARAO,11,8,3
2026-08-23,ALVORADA,1,0,1
2026-08-24,ALVORADA,23,11,12
2026-08-24,BOA VISTA,41,26,15
2026-08-24,TUBARAO,14,11,3
2026-08-25,ALVORADA,14,9,5
2026-08-25,BOA VISTA,45,26,19
2026-08-25,TUBARAO,10,8,2
2026-08-26,ALVORADA,28,18,10
2026-08-26,BOA VISTA,57,34,23
2026-08-26,TUBARAO,12,5,7
2026-08-27,ALVORADA,9,3,6
2026-08-27,BOA VISTA,39,20,19
2026-08-27,TUBARAO,14,9,5
2026-08-28,ALVORADA,11,9,2
2026-08-28,BOA VISTA,38,22,16
2026-08-28,TUBARAO,20,18,2
2026-08-29,ALVORADA,8,5,3
2026-08-29,BOA VISTA,18,11,7
2026-08-29,TUBARAO,5,4,1
2026-08-30,BOA VISTA,5,3,2
2026-08-31,ALVORADA,27,15,12
2026-08-31,BOA VISTA,58,38,20
2026-08-31,TUBARAO,24,20,4
2026-09-01,ALVORADA,15,6,9
2026-09-01,BOA VISTA,28,18,10
2026-09-01,TUBARAO,3,3,0
2026-09-02,ALVORADA,12,6,6
2026-09-02,BOA VISTA,34,23,11
2026-09-02,TUBARAO,5,2,3
2026-09-03,ALVORADA,15,11,4
2026-09-03,BOA VISTA,30,18,12
2026-09-03,TUBARAO,4,4,0
2026-09-04,ALVORADA,14,7,7
2026-09-04,BOA VISTA,30,17,13
2026-09-04,TUBARAO,5,3,2
2026-09-05,ALVORADA,9,7,2
2026-09-05,BOA VISTA,42,23,19
2026-09-05,TUBARAO,7,5,2
2026-09-06,BOA VISTA,7,3,4
2026-09-06,TUBARAO,1,1,0
2026-09-07,ALVORADA,2,2,0
2026-09-08,ALVORADA,29,22,7
2026-09-08,BOA VISTA,104,69,35
2026-09-08,TUBARAO,36,32,4
2026-09-09,ALVORADA,9,4,5
2026-09-09,BOA VISTA,24,14,10
2026-09-09,TUBARAO,4,3,1
2026-09-10,ALVORADA,15,11,4
2026-09-10,BOA VISTA,28,18,10
2026-09-10,TUBARAO,4,4,0
2026-09-11,ALVORADA,4,2,2
2026-09-11,BOA VISTA,22,15,7
2026-09-11,TUBARAO,4,4,0
2026-09-12,ALVORADA,8,4,4
2026-09-12,BOA VISTA,5,3,2
2026-09-12,TUBARAO,3,2,1
2026-09-13,ALVORADA,1,0,1
2026-09-13,BOA VISTA,1,1,0
2026-09-14,ALVORADA,27,19,8
2026-09-14,BOA VISTA,61,34,27
2026-09-14,TUBARAO,19,16,3
2026-09-15,ALVORADA,33,25,8
2026-09-15,BOA VISTA,43,28,15
2026-09-15,TUBARAO,2,2,0
2026-09-16,ALVORADA,21,15,6
2026-09-16,BOA VISTA,35,20,15
2026-09-16,TUBARAO,28,25,3
2026-09-17,ALVORADA,3,1,2
2026-09-17,BOA VISTA,51,34,17
2026-09-17,TUBARAO,9,8,1
2026-09-18,ALVORADA,36,19,17
2026-09-18,BOA VISTA,43,30,13
2026-09-18,TUBARAO,24,20,4
2026-09-19,ALVORADA,7,6,1
2026-09-19,BOA VISTA,15,11,4
2026-09-19,TUBARAO,10,4,6
2026-09-20,ALVORADA,1,1,0
2026-09-20,BOA VISTA,3,3,0
2026-09-21,ALVORADA,10,6,4
2026-09-21,BOA VISTA,36,24,12
2026-09-21,TUBARAO,8,8,0
2026-09-22,ALVORADA,10,7,3
2026-09-22,BOA VISTA,39,23,16
2026-09-22,TUBARAO,11,9,2
2026-09-23,ALVORADA,14,9,5
2026-09-23,BOA VISTA,35,23,12
2026-09-23,TUBARAO,5,4,1
2026-09-24,ALVORADA,12,8,4
2026-09-24,BOA VISTA,20,14,6
2026-09-24,TUBARAO,5,5,0
2026-09-25,ALVORADA,6,3,3
2026-09-25,BOA VISTA,26,20,6
2026-09-25,TUBARAO,2,2,0
2026-09-26,ALVORADA,11,4,7
2026-09-26,BOA VISTA,47,30,17
2026-09-26,TUBARAO,16,14,2
2026-09-27,ALVORADA,2,1,1
2026-09-27,BOA VISTA,2,2,0
2026-09-27,TUBARAO,3,3,0
2026-09-28,ALVORADA,25,20,5
2026-09-28,BOA VISTA,61,43,18
2026-09-28,TUBARAO,22,16,6
2026-09-29,ALVORADA,29,17,12
2026-09-29,BOA VISTA,38,27,11
2026-09-29,TUBARAO,23,20,3
2026-09-30,ALVORADA,15,11,4
2026-09-30,BOA VISTA,41,21,20
2026-09-30,TUBARAO,16,11,5
2026-10-01,BOA VISTA,1,0,1
